a_name,c_id
FURK Benedikt,7
GRAMBUSCH Mats Jurgen,7
HAUKE Tobias Constantin,7
HERZBRUCH Timm Alexander,7
KAUFMANN Paul-Philipp,7
MULLER Linus,7
ORUZ Timur,7
RUHR Jan Christopher,7
STADLER Alexander,7
WEIGAND Justus,7
WINDFEDER Lukas,7
CAIRA Jenna,8
GROENEWEGEN Sara,8
HARSHMAN Kelsey,8
LEUNG Janet,8
LYE Joey,8
POLIDORI Erika,8
RAFTER Kaleigh,8
EBADIPOUR GHARA H. Milad,9
GHAFOUR Amir,9
GHOLAMI Masoud,9
KARIMISOUCHELMAEI Javad,9
KAZEMI Saber,9
MARANDI Mahdi,9
MAROUFLAKRANI Mir Saeid,9
MOJARAD Aliasghar,9
MOUSAVI ERAGHI Seyed Mohammad,9
SALEHI Arman,9
SALEHI Meisam,9
SHARIFI Morteza,9
ARZANI Daniel,19
BACCUS Keanu,19
D'AGOSTINO Nicholas,19
DENG Thomas,19
DUKE Mitch,19
GENREAU Denis,19
GLOVER Thomas,19
HOLMES Jordan,19
KERR Sam,19
KING Joel,19
MICAH Teagan,19
PIERIAS Dylan,19
PISCOPO Reno,19
RICH-BAGHUELOU Jay,19
SIMON Kyah,19
SOUTTAR Harry,19
TILIO Marco,19
WALES Lachlan,19
BALEIWAIRIKI Iosefo Masikau,21
BOTITU Vilimoni,21
DERENALAGI Mele,21
RADRADRA Semi,21
SOLIKOVITI Vasiti,21
TUWAI Jerry,21
ULUNISAU Reapi,21
VAKURUNABILI Josua,21
ENTZMINGER Emma,26
GILBERT Jen,26
HAYWARD Victoria,26
LAWRIE Danielle,26
REGULA Lauren,26
SALLING Jenn,26
BEALE Daniel James,28
BRAND Tim,28
CHARTER Andrew Lewis,28
CRAIG Thomas William,28
DAWSON Matthew,28
FITZPATRICK Madison Mae,28
GOVERS Blake,28
HAYWARD Jeremy Thomas,28
HOWARD Tim,28
MARTIN Dylan,28
MITTON Trent Grant,28
OCKENDEN Edward Clive,28
OGILVIE Flynn Andrew,28
SHARP Lachlan Thomas,28
WHETTON Jacob Thomas,28
WICKHAM Tom Joseph,28
ZALEWSKI Aran,28
ALMADA Thiago,29
BELMONTE Tomas,29
BLAZQUEZ Joaquin,29
BRAVO Claudio,29
COLOMBATTO Santiago,29
DE LA FUENTE Hernan,29
DE LA VEGA Pedro,29
GAICH Adolfo,29
HERRERA Marcelo,29
Mac ALLISTER Alexis,29
MEDINA Facundo,29
MORALES Lautaro,29
MOSEVICH Leonel,29
PEREZ Nehuen,29
URZI Agustin,29
VALENZUELA Fernando,29
VERA Fausto,29
DEVI Sharmila,34
KAUR Navjot,34
LAKRA Birendra,34
LALREMSIAMI,34
NEHA Neha,34
NISHA,34
PARATTU RAVEENDRAN Sreejesh,34
PRADHAN Nikki,34
PUKHRAMBAM Sushila Chanu,34
RANI,34
SAVITA,34
SHARMA Nilakanta,34
SINGH Gurjant,34
TETE Salima,34
TOPPO Namita,34
UDITA,34
ERDELYI Balazs,35
GANGL Edina,35
GARDA Krisztina,35
GURISATTI Greta,35
GYONGYOSSY Aniko,35
ILLES Anna,35
JANSIK Szilard,35
MAGYARI Alda,35
MANHERCZ Krisztian,35
MEZEI Tamas,35
PARKES Rebecca,35
RYBANSKA Natasa,35
SZILAGYI Dorottya,35
SZUCS Gabriella,35
VALYI Vanda,35
VARGA Denes,35
VOGEL Soma,35
BLECHER Eden,36
BOBRITSKY Shelly,36
COLACI Massimo,37
EGONU Paola Ogechi,37
FOLIE Raphaela,37
JUANTORENA Osmany,37
MICHIELETTO Alessandro,37
PIANO Matteo,37
SBERTOLI Riccardo,37
SYLLA Miryam Fatime,37
ZAYTSEV Ivan,37
CAMPOS Luiza,40
CERULLO Isadora,40
COSTA Thalia,40
da SILVA COSTA Thalita,40
dos SANTOS SILVA Leila,40
FIORAVANTI COSTA Marina,40
KOCHHANN Raquel,40
NICOLAU Mariana,40
SCATRUT Haline,40
SILVA Bianca,40
ZANELLATO Rafaela,40
BLICAVS Sara Kirsti,41
EBZERY Katie,41
GEORGE Cayla,41
LAVEY Tess,41
MADGEN Tess,41
MITCHELL Leilani,41
O'HEA Jenna,41
SMITH Alanna,41
TALBOT Steph,41
THYBULLE Matisse,41
TOLO Marianna,41
ALARIE Elissa,49
BENN Brittany,49
BUISA Pam,49
FARELLA Bianca,49
GREENSHIELDS Julia,49
LANDRY Ghislaine,49
LUKAN Kaili,49
MOLESCHI Kayla,49
NICHOLAS Breanne,49
SAUDER Theo,49
THIEL Jake,49
WARDLEY Keyara,49
WILLIAMS Charity,49
BAR Juan Manuel,50
BONANNO Nicolas,50
CAROU Gonzalo Matias,50
FERNANDEZ Federico Gaston,50
MACIEL Leonel Carlos Sergio,50
MARTINEZ CAMI Pedro,50
MARTINEZ Ramiro,50
MOSCARIELLO Lucas Dario,50
MOURINO Gaston Alberto,50
PIZARRO Federico,50
PIZARRO Ignacio,50
SIMONET Diego Esteban,50
SIMONET Pablo Ariel,50
SIMONET Sebastian Alejandro,50
VAINSTEIN Pablo,50
AICARDI Matteo,52
BODEGAS Michael Alexandre,52
Del LUNGO Marco,52
Di FULVIO Francesco,52
DOLCE Vincenzo,52
ECHENIQUE Gonzalo,52
FIGARI Niccolo,52
FIGLIOLI Pietro,52
LUONGO Stefano,52
NICOSIA Gianmarco,52
PRESCIUTTI Nicholas,52
ABDALLA Maryam,58
HIEKAL Hanna,58
MOHSEN Laila,58
NABILAZMY Nora,58
RADWAN Farida,58
ALZIGKOUZI KOMINEA Maria Elli Lela,60
FRAGKAKI Eleni,60
GIALAMA Krystalenia,60
KARAMESIOU Pinelopi,60
MISIKEVYCH Andriana,60
PAPAZOGLOU Evangelia,60
PLATANIOTI Evangelia,60
VASILOPOULOU Georgia,60
KAUR Gurjit,64
KAUR Navneet,64
KUMAR Surender,64
KUMAR Varun,64
PRASAD Vivek Sagar,64
SINGH Harmanpreet,64
SINGH Rupinder Pal,64
SINGH Simranjeet,64
SUMIT,64
UPADHYAY Lalit Kumar,64
ALBICY Andrew,65
BATUM Nicolas,65
CORNELIE Petr,65
de COLO Nando,65
FOURNIER Evan,65
HEURTEL Thomas,65
MIYEM Endene,65
NTILIKINA Frank,65
POIRIER Vincent,65
YABUSELE Guerschon,65
ALMEIDA Teresa,69
CARLOS Azenaide,69
CAZANGA Magda,69
DOMBAXI Wuta,69
FONSECA Natalia,69
GUIALO Isabel,69
KASSOMA Albertina,69
MACHADO Juliana,69
PASCOAL Stelvia,69
PAULO Helena,69
QUIZELETE Marilia,69
SANTOS Natalia,69
SOUSA Helena,69
VENANCIO Liliana,69
BORGES ALMEIDA SILVA Mauricio,70
CORREIA De SOUZA Douglas,70
De SOUZA Mauricio Luiz,70
GIL KRELING Fernando,70
LEAL HIDALGO Yoandy,70
SAATKAMP Lucas,70
CAREY Michelle,71
CARROLL Naomi,71
DALY Nicola,71
HAWKSHAW Sarah,71
HOLDEN Lizzy,71
MALSEED Zara,71
MATTHEWS Hannah,71
McAULEY Sarah,71
McCAY Shirley,71
McFERRAN Ayeisha,71
McLOUGHLIN Hannah,71
MULLAN Kathryn,71
O'FLANAGAN Anna,71
TICE Elena,71
TORRANS Sarah,71
UPTON Roisin,71
WATKINS Chloe,71
BONE Edwina,73
CLAXTON Jane-Anne,73
FITZPATRICK Savannah,73
HAYES Greta,73
JENNER Kate Elisabeth,73
KERSHAW Stephanie Anna,73
LAWTON Amy Rose,73
LYNCH Rachael Anne,73
MALONE Ambrosia,73
NOBBS Kaitlin,73
PERIS Brooke,73
STEWART Grace,73
TAYLOR Renee,73
WILLIAMS Mariah,73
WILSON Georgia Sydney,73
AMORIM TALESKA Eduarda,77
BITOLO Gabriela,77
da ROSA Rangel,77
de ARAUJO Tamires,77
DUTRA Leonardo,77
HACKBARTH Rudolph,77
LANGARO Haniel,77
PETRUS Thiagus,77
RODRIGUES Gustavo,77
SILVA Joao Pedro,77
TEIXEIRA Vinicius,77
TORRIANI Guilherme,77
VIAL TERCARIOL Leonardo,77
BONFIM Caio,87
ARAUJO Larissa,87
ARENHART Barbara,87
BORGES Felipe,87
CARDOSO Adriana,87
CHIUFFA Fabio,87
da ROCHA Dayane,87
de ARRUDA Renata,87
DO NASCIMENTO Alexandra,87
GUARIEIRO Giulia,87
MATIELI Patricia,87
MORAES Rogerio,87
RODRIGUES BELO Ana Paula,87
TOLEDO Jose Guilherme,87
VENTURA Livia,87
VIEIRA Samara,87
CONROY Jordan,91
DARDIS Billy,91
FITZPATRICK Ian,91
HORAN Foster,91
KELLY Jack,91
KENNEDY Terry,91
LEAVY Adam,91
LENNOX Hugo,91
MULLIN Gavin,91
O'SHEA Greg,91
ROCHE Mark,91
MOHAMED Mandy,94
MOHAMED Omar,94
ABDALLAH Shahd,94
SAAFAN Nehal,94
SHARAF Jayda,94
SOBHY Tia,94
DECAS Wesly,102
ELVIR Samuel,102
GARCIA Jose,102
GUITY Alex,102
MALDONADO Denil,102
MELENDEZ Carlos,102
MELENDEZ Cristopher,102
MOYA Brayan,102
NUNEZ Jonathan,102
OBREGON Juan,102
OLIVA Elvin,102
PALMA Luis,102
PERELLO Michael,102
PINEDA Carlos,102
PINTO Jose,102
RAMOS Bryan,102
RIVAS Rigoberto,102
RODRIGUEZ Edwin,102
CAVANNA Domiziana,104
DEIDDA Francesca,104
GALLI Gemma,104
ARANCINI Zoe,105
CAMPBELL Richard,105
DENNERLEY Joel,105
EDWARDS Blake,105
EDWARDS Lachlan Robert,105
FORD Andrew,105
FORD George,105
HALLIGAN Bronte,105
HOWDEN Rhys,105
HRYSANTHOS Anthony,105
KNOX Bronwen,105
MIHAILOVIC Lena,105
POWER Nathan,105
ROACH Aidan,105
TOMASEVIC Goran,105
YOUNGER Aaron,105
PONCE Ezequiel,108
BULAICH SIMIAN Daniela,108
CONTE Facundo,108
DANANI Santiago,108
FARRIOL Bianca,108
FORTUNA Antonela,108
GERMANIER Sabrina Soledad,108
HERRERA RODRIGUEZ Candelaria Lucia,108
LAZCANO Julieta Constanza,108
MAYER Victoria,108
MERCADO Erika,108
NIZETICH Paula Yamila,108
PEREYRA Federico,108
RODRIGUEZ Elina Maria,108
SANCHEZ Matias,108
BLEICH Jeremy,109
de MARTE Jonathan,109
EREL Tal,109
FISHMAN Jake,109
GAILEN Blake,109
KINSLER Ian,109
LAKIND Jared,109
LAVARNWAY Ryan,109
LEICHMAN Alon,109
LIPETZ Shlomo,109
LOWENGART Assaf,109
MOSCOT Jonathan,109
PALLER Rob,109
PENPRASE Zachary,109
VALENCIA Danny,109
WAGMAN Joseph,109
WANGER Ben,109
WEISS Zack,109
ZEID Josh,109
BOLACA Napolioni,118
CAVURU Lavena,118
LIKUCEVA Laisana,118
NACUQU Waisea,118
NAGASAU Rusila,118
NAIMASI Ana Maria,118
NAKOCI Alowesi,118
NASOKO Kalione,118
RADINIYAVUNI Roela,118
RIWAI Viniana,118
SENIYASI Tokasa,118
TUIMABA Aminiasi,118
TUIVUAKA Asaeli,118
WAINIQOLO Jiuta,118
BOOTHROYD John Findlay Hammond,119
GURALIUK Brendan,119
JOHNSTON Gordon Mackenzi,119
KIRKPATRICK James Alexander Paget,119
PANESAR Sukhpal Singh,119
PEARSON Mark Alistair John,119
SARMENTO Matthew Brandon,119
SMYTHE John Barrie,119
TUPPER Scott William Martin,119
van SON Floris Frederik,119
ALVAREZ Dario,121
ASENCIO Jairo,121
BALDWIN Roldani,121
BAUTISTA Jose,121
BONIFACIO Emilio,121
CABRERA Melky,121
CASTILLO Luis,121
CRISOSTOMO Cristopher,121
DIAZ Jose,121
GARCIA Junior,121
GORIS Diego,121
GUZMAN Jeison,121
MARINEZ Jhan,121
MIESES Johan,121
NUNEZ Gustavo,121
PEREZ Yefri,121
REYES Denyi,121
RODRIGUEZ Julio,121
ROSSO Ramon,121
SANCHEZ Angel,121
VALDES Raul,121
ALVAREZ PIEDRAHITA Estefania,123
ARANGO ESTRADA Monica,123
CIAK Helena,124
FALL Moustapha,124
FAUTHOUX Marine,124
GOBERT Rudy,124
GRUDA Sandrine,124
JOHANNES Marine,124
LUWAWU KONGBO Timothe,124
MICHEL Sarah,124
TCHATCHOUANG Diandra,124
VUKOSAVLJEVIC Valeriane,124
WILLIAMS Gabrielle,124
CALLEGARI Beatrice,128
CERRUTI Linda,128
di CAMILLO Costanza,128
FERRO Costanza,128
PICCOLI Enrica,128
ABALO Luc,129
COATANEA Pauline,129
DANCETTE Blandine,129
DARLEUX Cleopatre,129
DESCAT Hugo,129
EDWIGE Beatrice,129
FABREGAS Ludovic,129
FLIPPES Laura,129
FOPPA Pauletta,129
GENTY Yann,129
GERARD Vincent,129
GUIGOU Michael,129
KARABATIC Luka,129
MAHE Kentin,129
NIAKATE Kalidiatou,129
REMILI Nedim,129
TOURNAT Nicolas,129
AUDA Patrik,130
BALVIN Ondrej,130
BOHACIK Jaromir,130
JELINEK David,130
PALYZA Lukas,130
PETERKA Martin,130
SATORANSKY Tomas,130
SCHILB Blake,130
SEHNAL Ondrej,130
SIRINA Jakub,130
VESELY Jan,130
VYORAL Tomas,130
BITTER Johannes,131
DRUX Paul,131
GENSHEIMER Uwe,131
GOLLA Johannes,131
HAEFNER Kai,131
KASTENING Timo,131
KNORR Juri,131
KOHLBACHER Jannik,131
KUEHN Julius,131
LEMKE Finn,131
PEKELER Hendrik,131
SCHILLER Marcel,131
WOLFF Andreas,131
ALVAREZ Santiago,133
BAZAN VELEZ Lautaro,133
CINTI Lucio,133
ETCHART Rodrigo,133
GONZALEZ Luciano,133
ISGRO Rodrigo,133
MARE Santiago,133
MENDY Ignacio,133
MONETA Marcos,133
OSADCZUK Matias,133
REVOL Gaston,133
SCHULZ German,133
ALLEN Bec,136
BAYNES Aron,136
DELLAVEDOVA Matthew,136
GOULDING Chris,136
GREEN Joshua Benjamin,136
INGLES Joe,136
KAY Nic,136
LANDALE Jock,136
MAGBEGOR Ezi,136
MILLS Patty,136
SOBEY Nathan,136
BRAGA GUIMARAES Gabriela,148
BRAIT Camila,148
CAIXETA Tandara,148
CORREA Ana Beatriz,148
da SILVA Ana Carolina,148
de OLIVEIRA SAAD GATTAZ Caroline,148
De SOUZA Wallace,148
MENEZES OLIVEIRA de SOUZA Ana Cris.,148
MONTIBELLER Rosamaria,148
PEREIRA Natalia,148
RATZKE Roberta Silva,148
REZENDE Bruno Mossa,148
RODRIGUES Fernanda,148
SANTOS Isac,148
SILVA CARNEIRO Macris Fernanda,148
SOUZA Ricardo Lucarelli,148
ARNOLD Mackenzie,149
ATKINSON Nathaniel,149
CARPENTER Ellie,149
CATLEY Steph,149
COONEY-CROSS Kyra,149
DEVLIN Cameron,149
FOORD Caitlin,149
FOWLER Mary,149
GIELNIK Emily,149
GRANT Charlotte,149
KELLOND-KNIGHT Elise,149
KENNEDY Alanna,149
LOGARZO Chloe,149
LUIK Aivi,149
McGREE Riley,149
METCALFE Connor,149
NEVIN Courtney,149
POLKINGHORNE Clare,149
RASO Hayley,149
ROWLES Kye,149
WILLIAMS Lydia,149
YALLOP Tameka,149
DABILA Kouadio-Yves,151
DIALLO Amad,151
DIALLO Ismael,151
DOUMBIA Aboubacar,151
DOUMBIA Idrissa,151
GNAKA Silas,151
GRADEL Max,151
GUIAGON Parfait,151
IRA Eliezer,151
KEITA Kader,151
KESSIE Franck,151
KOUAME Christian,151
KOUAO Koffi,151
KOUASSI Eboue,151
NAGOLI Maxime,151
OUATTARA Zie,151
SINGO Wilfried,151
TIE Nicolas,151
TIMITE Cheick,151
COX Michelle,156
FORKIN Chelsea,156
GODFREY Leigh,156
LACK Rachel,156
McMANUS Stacey,156
PARNABY Kaia,156
PLAIN Gabrielle,156
PORTER Stacey,156
ROBERTS Ellen,156
STEPTO Tarni,156
TSITSIKRONIS Taylah,156
WALL Jade,156
WARWICK Clare,156
WHITE Belinda,156
BOSSERHOFF Niklas,161
FUCHS Florian,161
HANER Martin Dominik,161
HEINZ Pauline,161
LORENZ Nike,161
STAIB Constantin,161
ZWICKER Martin Detlef,161
BISSETT Brenden David Nelson,162
CURRAN Taylor Westermark,162
HO-GARCIA Gabriel Wing-Chuen,162
KINDLER Antoni Pawel,162
PEREIRA Brandon Anthony,162
PEREIRA Keegan Reginald,162
SCHOLFIELD Oliver William,162
WALLACE James Brodie Burns,162
BOLMARO Leandro Nicolas,165
BRUSSINO Nicolas,165
CAFFARO Francisco,165
CAMPAZZO Facundo,165
DECK Gabriel,165
DELIA Marcos,165
GALLIZZI Tayavek,165
GARINO Patricio,165
LAPROVITTOLA Nicolas,165
SCOLA Luis,165
VAULET Juan Pablo,165
VILDOZA Luca,165
BANN Blair Cameron,168
BLANKENAU Jay,168
HOAG Nicholas,168
MAAR Stephen Timothy,168
MARSHALL Steven,168
PERRIN John Gordon,168
SANDERS Tyler,168
SCLATER Ryan Joseph,168
SZWARC Arthur,168
van BERKEL Lucas,168
VERNON-EVANS Sharone,168
VIGRASS Graham,168
ALVES Dani,176
ANDRESSINHA,176
ANTONY,176
ARANA Guilherme,176
BEATRIZ,176
BRENNO,176
CLAUDINHO,176
CUNHA Matheus,176
DIEGO CARLOS,176
DOUGLAS LUIZ,176
FUCHS Bruno,176
GRACA Ricardo,176
GUIMARAES Bruno,176
LUCAO,176
MALCOM,176
MATHEUS HENRIQUE,176
PAULINHO,176
RICHARLISON,176
TAMIRES,176
GRANITZKI Hanna Carina,191
HUSE Viktoria,191
MAERTENS Pia,191
MICHEEL Lena,191
ORUZ Selin,191
SCHAUNIG Maike,191
SONNTAG Julia,191
STAPENHORST Charlotte,191
WORTMANN Amelie,191
ZIMMERMANN Sonja,191
AHMED Mohamed,205
ALI Ali Merza,205
ALI Hasan,205
ALI Mohamed,205
ALMAQABI Ahmed,205
ALSAMAHIJI Hasan,205
EID Ali,205
FADHUL Ahmed,205
HABIB Mahdi,205
MAHFOODH Husain,205
MAHFOODH Komail,205
MOHAMED Mohamed,205
KARABATIC Nikola,206
LACRABERE Alexandra,206
LASSOURCE Coralie,206
LEYNAUD Amandine,206
MEM Dika,206
NZE MINKO Estelle,206
PINEAU Allison,206
PORTE Valentin,206
RICHARDSON Melvyn,206
VALENTINI Chloe,206
ZAADI DEUNA Grace,206
ARMSTRONG Emily,207
COTE Andree-Anne,207
FIOLA-DION Camille,207
JOLY Audrey,207
SIMONEAU Jacqueline,207
AMIRI Nadiem,208
ARNOLD Maximilian,208
BRODERSEN Svend,208
HENRICHS Benjamin,208
JAKOBS Ismail,208
KRUSE Max,208
LOEWEN Eduard,208
MUELLER Florian,208
PIEPER Amos,208
PLOGMANN Luca,208
RICHTER Marco,208
SCHLOTTERBECK Keven,208
STACH Anton,208
TEUCHERT Cedric,208
UDUOKHAI Felix,208
CASTILLO Brenda,210
de la CRUZ de PENA Bethania,210
DOMINGUEZ MARTINEZ Camil Inmaculada,210
EVE MEJIA Lisvel Elisa,210
GONZALEZ LOPEZ Gaila Ceneida,210
MARTE FRICA Niverka Dharlenis,210
MARTINEZ Brayelin Elizabeth,210
MARTINEZ CARO Larysmer,210
MARTINEZ Jineiry,210
PENA ISABEL Yonkaira Paola,210
RIVERA BRENS Prisilla,210
VARGAS VALDEZ Annerys Victoria,210
ACUNA Yenny,216
AEDO Yanara,216
ARAYA Karen,216
BALMACEDA Rosario,216
CAMPOS Natalia,216
CANALES Antonia,216
DIAZ Valentina,216
ENDLER Christiane,216
GREZ Javiera,216
GUERRERO Carla,216
LARA Francisca,216
OPAZO Nayadet,216
PARDO Daniela,216
PINILLA Fernanda,216
RAMIREZ Fernanda,216
SAEZ Camila,216
TORO Javiera,216
URRUTIA Maria Jose,216
ZAMORA Daniela,216
COWARD Josh,230
HUTCHISON Henry,230
KEREVI Samu,230
LAWSON Nathan,230
LEVI Maddison,230
LONGBOTTOM Maurice,230
MALOUF Nick,230
MILLER Lachie,230
NATHAN Faith,230
PARRY Shannon,230
PELITE Evania,230
PIETSCH Dylan,230
PINCUS Joe,230
ROACHE Dietrich Peter,230
TURNER Josh,230
ANGYAL Daniel,232
HARAI Balazs,232
HOSNYANSZKY Norbert,232
NAGY Viktor,232
VAMOS Marton,232
ZALANKI Gergo,232
EKKA Deep Grace,233
KATARIYA Vandana,233
KHOKHAR Reena,233
MONIKA,233
ANZANI Simone,242
BOSETTI Caterina Chiara,242
CHIRICHELLA Cristina,242
DANESI Anna,242
de GENNARO Monica,242
FAHR Sarah Luisa,242
GALASSI Gianluca,242
GIANNELLI Simone,242
LAVIA Daniele,242
MALINOV Ofelia,242
ORRO Alessia,242
PIETRINI Elena,242
VETTORI Luca,242
BOON Tom Alain,244
BRIELS Thomas,244
CHARLIER Cedric Daniel Andre,244
de KERPEL Nicolas,244
de SLOOVER Arthur Anne-Marie Thierr,244
DENAYER Felix Veronique B.,244
DOCKIER Sebastien,244
DOHMEN John-John Dominique M,244
GOUGNARD Simon Pierre F,244
HENDRICKX Alexander Robby P,244
KINA Antoine Sylvain T,244
LUYPAERT Loick Fanny A,244
MEURMANS Augustin Jean J,244
van DOREN Arthur,244
WEGNEZ Victor Nicky B,244
de CECCO Luciano,246
LIMA Bruno,246
LOSER Agustin,246
MENDEZ Nicolas,246
PALACIOS Ezequiel,246
POGLAJEN Cristian,246
RAMOS Martin,246
RIZZO Tatiana Soledad,246
SOLE Sebastian,246
ALLEMAND Julie,250
CARPREAUX Marjorie,250
DELAERE Antonia,250
LINSKENS Kyara,250
MASSEY Billie,250
MEESSEMAN Emma,250
MESTDAGH Hanne,250
MESTDAGH Kim,250
NAUWELAERS Heleen,250
RAMAN Jana,250
VANLOO Julie,250
WAUTERS Ann,250
ANDREWS Abby,253
ARMIT Elle,253
BUCKLING Hannah,253
GOFERS Keesja,253
KEARNS Matilda,253
PALM Gabriella,253
RIDGE Amy,253
WEBSTER Rowie,253
YANITSAS Lea,253
ALEXANDRI Anna-Maria,258
ALEXANDRI Eirini,258
BUCKLE Carolyn,264
BURKHILL Hannah,264
GAZZARD Kiera,264
HO Alessandra,264
KINASH Kirsten,264
PRESSER Rachel,264
THOMPSON Amie,264
BEKHAZI Joelle,285
CHRISTMAS Kyra,285
CREVIER Axelle,285
EGGENS Monika,285
la ROCHE Shae,285
LEMAY-LAVOIE Elyse,285
McKEE Kelly,285
McKELVEY Hayley,285
PAUL Kindred,285
SOHI Gurpreet,285
VULPISI Clara,285
WRIGHT Claire,285
WRIGHT Emma,285
ELAHMAR Ahmed,286
ELDERAA Seif,286
ELDERAA Yehia,286
ELMASRY Ibrahim,286
ELTAYAR Mohamed,286
ELWAKIL Omar,286
HENDAWY Karim,286
KADDAH Hassan,286
MESILHY Ahmed,286
MOHAMED Ahmed,286
MOHAMED Ali,286
OMAR Yahia,286
SANAD Mohammad,286
SHEBIB Mohamed,286
NEDOW Tim,287
BERNA Phil,287
BRAID Connor,287
DOUGLAS Justin,287
FUAILEFAU Mike,287
HIRAYAMA Nathan,287
JONES Harry,287
KAY Pat,287
PAQUIN Karen,287
TRAINOR Conor,287
ALTENBURG Lisa,303
FLESCHUTZ Jette Louisa,303
HAUKE Franzisca,303
PIEPER Cecile,303
SCHRODER Anne Katarina,303
ALBERTARRIO Agustina,308
ALONSO Agostina,308
BARRIONUEVO Maria Noel,308
BUGALLO Agustin Fernando,308
CASELLA SCHUTH Maico,308
CICILEO Nicolas,308
COSTA BIONDI Valentina Isabel,308
FORCHERIO Maria Emilia,308
GORZELANY Agustina,308
GRANATTO Maria Jose,308
GRANATTO Maria Victoria,308
HABIF Thomas Ezequiel,308
IBARRA Pedro,308
JANKUNAS Julieta,308
LOPEZ Juan Martin,308
MACCARI Sofia,308
MARTINEZ Lucas,308
MAZZILLI Agustin Alejandro,308
MERINO Delfina,308
ORTIZ Ignacio Horacio,308
PAZ Diego Ignacio,308
RAPOSO RUIZ de los LLANOS Valentina,308
RETEGUI Micaela,308
REY Matias Alejandro,308
ROSSI Lucas Rafael,308
SALIS Nahuel,308
SANCHEZ MOCCIA Rocio,308
SAUZE VALDEZ Victoria,308
SUCCI Maria Belen,308
TARAZONA Santiago Tomas,308
TOCCALINO Sofia,308
TOLINI Jose Leandro,308
TRINCHINETTI Eugenia Maria,308
VILA Lucas Martin,308
VIVALDI Juan Manuel,308
BAJIC Stefan,312
BARD Melvin,312
BEKA BEKA Alexis,312
BERNARDONI Paul,312
BERTAUD Dimitry,312
DOUKOURE Ismael,312
GIGNAC Andre-Pierre,312
KALULU Pierre,312
le FEE Enzo,312
LIHADJI Isaac,312
MBUKU Nathanael,312
MICHELIN Clement,312
NKOUNKOU Niels,312
NORDIN Arnaud,312
PEMBELE Timothee,312
SAVANIER Teji,312
TOUSART Lucas,312
FONTECCHIO Simone,316
GALLINARI Danilo,316
DAVARPANAH Saeid,327
GERAMIPOOR Aaron,327
HADDADI Hamed,327
HASSANZADEH Mohammad,327
JALALPOOR Pujan,327
JAMSHIDIJAFARABADI Mohammad,327
KAZEMI Arsalan,327
NIK KHAHBAHRAMI Mohammadsamad,327
REZAEIFAR Navid,327
ROSTAMPOUR Michael,327
VAHEDI Mohammadsina,327
YAKHCHALIDEHKORDI Behnam,327
ABDELSALAM Mohamed,330
ADEL Ibrahim,330
ASHOUR Emam,330
EL WENCH Mahmoud,330
ELSHENAWY Mohamed,330
ERAKY Karim,330
FOUAD Karim,330
GAD Mahmoud,330
GALAL Osama,330
HAMDY Ammar,330
HEGAZY Ahmed,330
MAHER Nasser,330
MOHAMED Taher,330
MOHSEN Salah,330
RAHMAN Abdel,330
RAYAN Ahmed,330
SOBHI Ramadan,330
TAWFIK Akram,330
ROHIDAS Amit,334
SINGH Hardik,334
SINGH Mandeep,334
SINGH Manpreet,334
SINGH Shamsher,334
ALINE,344
ANDRESSA,344
BARBARA,344
BENITES Bruna,344
DEBINHA,344
DUDA,344
ERIKA,344
FORMIGA,344
GIOVANA,344
JUCINARA,344
JULIA,344
LETICIA,344
LUDMILA,344
MARTA,344
MARTINELLI Gabriel,344
MENINO Gabriel,344
NINO,344
REINIER,344
SANTOS,344
SANTOS Leticia,344
KHANDOSHKA Vasilina,345
KULAGINA Daria,345
BIJAC Marko,359
BUKIC Luka,359
BUSLJE Andro,359
FATOVIC Loren,359
GARCIA GADEA Javier,359
JOKOVIC Maro,359
LONCAR Luka,359
MACAN Marko,359
MARCELIC Ivan,359
MILOS Lovre,359
VRLIC Josip,359
VUKICEVIC Ante,359
ARGYROPOULOS KANAKAKIS Stylianos,372
DERVISIS Georgios,372
FOUNTOULIS Ioannis,372
GENIDOUNIAS Konstantinos,372
GKIOUVETSIS Konstantinos,372
KAPOTSIS Marios,372
KOLOMVOS Christodoulos,372
MOURIKIS Konstantinos,372
PAPANASTASIOU Alexandros,372
SKOUMPAKIS Dimitrios,372
VLACHOPOULOS Angelos,372
ASHBY Madison,375
CASLICK Charlotte,375
HAYES Demi,375
HINDS Tia,375
PAKI Sariah,375
TONEGATO Emma,375
WILLIAMS Sharni,375
